id,group,first_name,last_name,email,time_zone
1,4,Alvera,Crichton,acrichton0@msn.com,America/Lima
2,1,Octavius,Ferraretto,oferraretto1@lulu.com,Asia/Tbilisi
3,,Willem,Edmondson,,Asia/Jakarta
4,4,Camellia,Bolesworth,cbolesworth3@nytimes.com,Europe/Lisbon
5,3,Cameron,Boniface,cboniface4@mayoclinic.com,Asia/Karachi
6,3,Cathyleen,Gianasi,cgianasi5@cbsnews.com,
7,4,Nerte,McAdam,nmcadam6@hp.com,Asia/Shanghai
8,4,Gerald,Frears,gfrears7@who.int,America/Sao_Paulo
9,4,Reena,Wateridge,rwateridge8@google.ca,Asia/Gaza
10,4,Em,Coushe,ecoushe9@rediff.com,Asia/Novokuznetsk
11,4,Kayley,Salter,ksaltera@mozilla.org,Asia/Chongqing
12,3,Myrle,Speare,mspeareb@storify.com,Europe/Belgrade
13,1,Brandie,McAless,bmcalessc@ezinearticles.com,Europe/Dublin
14,2,Niki,Oliva,nolivad@yellowbook.com,Asia/Harbin
15,4,Shawnee,Woodcroft,swoodcrofte@newyorker.com,Europe/Budapest
16,2,Khalil,Marie,kmarief@guardian.co.uk,Asia/Damascus
17,2,Marillin,Holby,mholbyg@google.ru,Asia/Makassar
18,2,Honey,Cavanaugh,hcavanaughh@cornell.edu,America/Sao_Paulo
19,4,Sergeant,Seagrove,sseagrovei@imageshack.us,Asia/Jakarta
20,4,Fredrika,Wellesley,fwellesleyj@wikispaces.com,Europe/Prague
21,4,Odele,Phipp,ophippk@zdnet.com,Europe/Warsaw
22,4,Jennifer,Harrad,jharradl@seesaa.net,America/Lima
23,2,Crin,Puttergill,,Asia/Colombo
24,2,Mela,Filippi,,Europe/Lisbon
25,4,Marrissa,Blooman,mbloomano@google.cn,Asia/Makassar
26,4,Albrecht,De Gogay,adegogayp@surveymonkey.com,Asia/Chongqing
27,2,Evered,Seleway,eselewayq@gnu.org,Europe/Helsinki
28,2,Mahmoud,Calles,mcallesr@addtoany.com,Asia/Jakarta
29,3,Angie,Gatesman,agatesmans@ifeng.com,Asia/Makassar
30,1,Fabiano,Buck,fbuckt@zimbio.com,America/Sao_Paulo
31,2,Jacenta,Nowak,jnowaku@ning.com,America/Jamaica
32,3,Lowrance,Gasquoine,lgasquoinev@hhs.gov,Europe/Moscow
33,1,Augustin,Lodewick,alodewickw@google.pl,Asia/Makassar
34,3,Mareah,Kerman,mkermanx@mozilla.org,Europe/Moscow
35,2,Bradan,Larter,blartery@etsy.com,Europe/Berlin
36,4,Ainslie,Popping,apoppingz@rambler.ru,Europe/Moscow
37,2,Adan,Ox,aox10@4shared.com,Europe/Athens
38,2,Shaylyn,Glaister,sglaister11@kickstarter.com,Asia/Jakarta
39,3,Becka,Ewing,bewing12@addtoany.com,Indian/Antananarivo
40,1,Bobby,Tidder,btidder13@walmart.com,America/New_York
41,2,Forbes,Brimblecombe,fbrimblecombe14@shareasale.com,Europe/Stockholm
42,2,Minerva,Laterza,mlaterza15@163.com,Asia/Bangkok
43,2,Loralee,Vossing,lvossing16@ehow.com,Europe/Paris
44,2,Carol-jean,Spittle,cspittle17@chronoengine.com,Europe/Warsaw
45,3,Kaile,Mulder,kmulder18@sciencedirect.com,Asia/Shanghai
46,2,Viv,MacVean,vmacvean19@theglobeandmail.com,Europe/Stockholm
47,,Gerti,Gatiss,ggatiss1a@ebay.com,Europe/Helsinki
48,1,Dawn,Haggish,dhaggish1b@google.nl,Asia/Shanghai
49,3,Eddy,Skyppe,eskyppe1c@stanford.edu,Asia/Chongqing
50,2,Panchito,Hatry,phatry1d@list-manage.com,Asia/Chongqing
51,3,Zollie,Kynston,zkynston1e@skype.com,
52,3,Tamarah,Portman,tportman1f@baidu.com,Europe/London
53,4,Josephine,Powlesland,jpowlesland1g@pbs.org,Asia/Shanghai
54,2,Hyatt,Treuge,htreuge1h@devhub.com,Europe/Amsterdam
55,3,Shelley,Megarry,smegarry1i@sitemeter.com,America/El_Salvador
56,3,Edan,Humber,ehumber1j@businessweek.com,Europe/Amsterdam
57,3,Branden,Harradine,bharradine1k@army.mil,Atlantic/Faroe
58,3,Car,Cudd,ccudd1l@meetup.com,Europe/Lisbon
59,4,Aristotle,Rabbitts,arabbitts1m@mtv.com,Asia/Kuala_Lumpur
60,3,Kassia,Habbal,khabbal1n@indiegogo.com,Europe/Warsaw
61,3,Heda,Piletic,hpiletic1o@mit.edu,America/Bogota
62,1,Wilma,Pike,wpike1p@si.edu,Asia/Shanghai
63,2,Elwira,Myerscough,emyerscough1q@oaic.gov.au,Africa/Cairo
64,3,Garnette,Gommes,ggommes1r@ucsd.edu,Europe/Warsaw
65,2,Cyrus,Mertel,cmertel1s@privacy.gov.au,
66,1,Grazia,Whitland,gwhitland1t@psu.edu,Asia/Chongqing
67,3,Andrea,Allender,aallender1u@printfriendly.com,Africa/Tripoli
68,3,Anders,Riddington,ariddington1v@is.gd,Europe/Tirane
69,2,Evangelin,Stoggell,estoggell1w@reddit.com,
70,2,Carolyne,Skeene,cskeene1x@vkontakte.ru,Asia/Jakarta
71,3,Yoshi,Scibsey,yscibsey1y@webnode.com,Asia/Urumqi
72,,Korie,Moy,kmoy1z@shareasale.com,Asia/Chongqing
73,2,Feliza,Wilsher,fwilsher20@tmall.com,Europe/Athens
74,1,Denni,Ellissen,dellissen21@nifty.com,Europe/Warsaw
75,1,Shem,Froschauer,sfroschauer22@prnewswire.com,Europe/Belgrade
76,4,Sophia,Degnen,sdegnen23@flickr.com,Europe/Sofia
77,3,Doloritas,Simison,dsimison24@weather.com,Asia/Tokyo
78,4,Allayne,Grigsby,agrigsby25@parallels.com,Europe/Volgograd
79,4,Lilah,Duchesne,lduchesne26@patch.com,Asia/Makassar
80,3,Ingeborg,Cardo,icardo27@yandex.ru,Europe/Moscow
81,2,Hurlee,Arenson,harenson28@umn.edu,Europe/Stockholm
82,3,Moshe,Jennemann,mjennemann29@odnoklassniki.ru,Europe/Paris
83,,Huntlee,Carrick,hcarrick2a@360.cn,Europe/Lisbon
84,2,Bary,MacCostye,bmaccostye2b@nifty.com,Europe/Lisbon
85,4,Nappie,Emanson,nemanson2c@google.nl,America/Lima
86,3,Josee,Moisey,jmoisey2d@digg.com,Asia/Jakarta
87,1,Brandyn,Trevena,btrevena2e@unblog.fr,Europe/Berlin
88,3,Almeda,Haruard,aharuard2f@soundcloud.com,Asia/Vladivostok
89,3,Forrester,Astall,fastall2g@nasa.gov,Asia/Jerusalem
90,1,Melitta,Kemsley,mkemsley2h@sphinn.com,Asia/Shanghai
91,4,Gertrude,McCready,gmccready2i@wikipedia.org,America/Lima
92,4,Paula,McConnel,pmcconnel2j@phpbb.com,Asia/Manila
93,1,Robinett,Cawthra,rcawthra2k@ycombinator.com,America/Sao_Paulo
94,2,Abbey,MacTrustrie,amactrustrie2l@flavors.me,Africa/Tunis
95,4,Kelsi,MacArthur,,Asia/Chongqing
96,1,Brennen,Comfort,,Asia/Jakarta
97,4,Greer,Putson,gputson2o@w3.org,Europe/Athens
98,3,Germaine,Stansfield,gstansfield2p@wunderground.com,Asia/Manila
99,,Zorana,Gainsborough,zgainsborough2q@nydailynews.com,Asia/Tokyo
100,,Deloris,Salvidge,dsalvidge2r@noaa.gov,America/Mexico_City
101,1,Rabbi,Bucher,rbucher2s@ed.gov,America/Sao_Paulo
102,4,Datha,Ellerman,dellerman2t@live.com,Asia/Ulaanbaatar
103,2,Robinet,Stollberg,rstollberg2u@de.vu,Europe/Stockholm
104,3,Doris,Dulwich,ddulwich2v@prweb.com,Europe/Moscow
105,2,Shae,Bunting,sbunting2w@fastcompany.com,Europe/Stockholm
106,3,Marla,Mutton,mmutton2x@cbslocal.com,Africa/Casablanca
107,2,Tony,Roughey,troughey2y@ox.ac.uk,Europe/Riga
108,1,Caleb,Jenton,cjenton2z@jugem.jp,Africa/Douala
109,2,Horton,Foy,hfoy30@accuweather.com,Africa/Johannesburg
110,2,Leigha,Gasking,lgasking31@vinaora.com,Pacific/Auckland
111,,Ruthie,Schultes,rschultes32@elpais.com,Asia/Shanghai
112,,Padraig,Billie,pbillie33@unesco.org,America/Santo_Domingo
113,2,Alexa,Jerwood,ajerwood34@example.com,Asia/Jakarta
114,3,Margaux,Josephsen,mjosephsen35@apple.com,Europe/Zaporozhye
115,4,Kimble,Aslett,kaslett36@domainmarket.com,Asia/Makassar
116,1,Alain,Botly,abotly37@mlb.com,Asia/Jakarta
117,2,Anatollo,Andrioni,aandrioni38@about.com,Asia/Chongqing
118,1,Ramonda,Boich,rboich39@amazonaws.com,America/New_York
119,1,Rosette,McAirt,rmcairt3a@time.com,Europe/Warsaw
120,1,Yovonnda,Gudgin,ygudgin3b@symantec.com,Asia/Harbin
121,3,Eloise,Kondratowicz,ekondratowicz3c@wikimedia.org,America/Lima
122,2,Ailbert,Reddy,,Europe/Madrid
123,2,Heidi,Carwithan,hcarwithan3e@wordpress.com,Asia/Manila
124,2,Shelley,Choffin,schoffin3f@msu.edu,Europe/Berlin
125,4,Tiffi,Gennings,tgennings3g@ox.ac.uk,Europe/Paris
126,4,Mary,Hubback,mhubback3h@posterous.com,Asia/Manila
127,,Adelind,Charnick,acharnick3i@youtube.com,Asia/Shanghai
128,1,Richmond,Guidini,rguidini3j@dmoz.org,Asia/Makassar
129,3,Marylin,McCudden,mmccudden3k@mlb.com,America/New_York
130,1,Michail,Knoles,mknoles3l@wordpress.org,Asia/Manila
131,3,Manya,Parley,mparley3m@dagondesign.com,Asia/Shanghai
132,3,Jammie,Feltham,jfeltham3n@economist.com,
133,,Anastasia,Heavy,aheavy3o@imageshack.us,
134,2,Torrin,Finicj,tfinicj3p@aboutads.info,Europe/Moscow
135,3,Rosene,Luigi,rluigi3q@wikia.com,Europe/Athens
136,3,Basilio,Daveley,bdaveley3r@cmu.edu,Asia/Krasnoyarsk
137,2,Butch,Trewett,btrewett3s@lycos.com,America/Asuncion
138,1,Peg,Yardley,pyardley3t@cnn.com,Asia/Ho_Chi_Minh
139,3,Mathe,Steptoe,msteptoe3u@jugem.jp,Africa/Lagos
140,4,Almira,Grogan,agrogan3v@opensource.org,Asia/Kuala_Lumpur
141,2,Gerek,Hollows,ghollows3w@ox.ac.uk,Pacific/Funafuti
142,1,Maurits,Uttley,muttley3x@independent.co.uk,America/Panama
143,4,Francyne,Haddick,fhaddick3y@mac.com,Asia/Tokyo
144,4,Jenica,Janusz,jjanusz3z@facebook.com,America/Denver
145,2,Georgie,Ferrarese,,Asia/Chongqing
146,,Jacinthe,Poxson,jpoxson41@wired.com,Europe/Lisbon
147,,Llewellyn,Kubista,lkubista42@cnn.com,Asia/Shanghai
148,4,Meggy,Stripling,mstripling43@soup.io,America/New_York
149,4,Joelie,Hales,jhales44@exblog.jp,Europe/Paris
150,4,Nannette,Claffey,nclaffey45@last.fm,Asia/Karachi
151,1,Kellen,Stainland,kstainland46@businesswire.com,Asia/Shanghai
152,4,Joey,Rizon,,Europe/Paris
153,3,Tybie,Raftery,traftery48@histats.com,Europe/Lisbon
154,1,Alikee,Olver,aolver49@ted.com,Europe/Ljubljana
155,4,Benedetta,Breissan,bbreissan4a@cdbaby.com,America/Argentina/Salta
156,3,Tybi,Lockwood,tlockwood4b@wiley.com,Asia/Chongqing
157,2,Adele,Mulvenna,amulvenna4c@ifeng.com,Europe/Madrid
158,2,Marlena,Charke,mcharke4d@smugmug.com,Asia/Chongqing
159,2,Gussi,Creek,gcreek4e@nymag.com,
160,2,Maurizio,Whebell,mwhebell4f@liveinternet.ru,Asia/Chongqing
161,4,Brandais,Wickendon,bwickendon4g@surveymonkey.com,Asia/Chongqing
162,4,Daphna,Uc,duc4h@washington.edu,Asia/Chongqing
163,2,Olivie,Robez,,Asia/Bangkok
164,1,Leda,Klambt,,America/Guatemala
165,4,Johnette,McVee,jmcvee4k@bloglovin.com,Europe/Lisbon
166,3,Paulie,Gresswell,pgresswell4l@elegantthemes.com,Europe/Uzhgorod
167,3,Alis,Scopes,ascopes4m@digg.com,Africa/Maseru
168,1,Fritz,Scafe,fscafe4n@google.com.au,Europe/Stockholm
169,2,Andria,Jorck,ajorck4o@hud.gov,Asia/Chongqing
170,2,Jinny,Lewsie,jlewsie4p@census.gov,America/Edmonton
171,4,Sadye,Benini,sbenini4q@sitemeter.com,America/Lima
172,4,Liza,Starzaker,lstarzaker4r@google.es,Asia/Shanghai
173,2,Valentina,Bresnahan,vbresnahan4s@prlog.org,Europe/Prague
174,1,Carmen,Seden,cseden4t@stanford.edu,Europe/Paris
175,1,Melisandra,Mattocks,mmattocks4u@360.cn,Europe/Madrid
176,4,Nicky,Brazelton,nbrazelton4v@t.co,Asia/Bangkok
177,4,Elston,Parrin,eparrin4w@spiegel.de,Europe/Oslo
178,,Katie,Shelliday,kshelliday4x@eepurl.com,Europe/Warsaw
179,4,Roarke,Yuille,,Asia/Chongqing
180,1,Aloysius,Worral,,Asia/Jakarta
181,2,Torr,Thulborn,tthulborn50@usatoday.com,Asia/Chongqing
182,3,Arielle,Gaddie,agaddie51@altervista.org,Europe/Riga
183,2,Helge,Emanuele,hemanuele52@nbcnews.com,Asia/Jakarta
184,1,Langston,Whitehorne,lwhitehorne53@marriott.com,Asia/Chongqing
185,2,Marylynne,Raraty,mraraty54@moonfruit.com,America/Lima
186,1,Con,Annott,cannott55@nsw.gov.au,Asia/Jakarta
187,1,Dulcy,Serrurier,dserrurier56@tinyurl.com,Asia/Omsk
188,4,Rozele,Creak,rcreak57@sciencedirect.com,Europe/Stockholm
189,4,Jozef,Velti,jvelti58@canalblog.com,Africa/Douala
190,4,Kahaleel,Gainforth,kgainforth59@plala.or.jp,Asia/Shanghai
191,2,Onfre,Overall,ooverall5a@mozilla.com,Asia/Chongqing
192,,Benyamin,Goldfinch,bgoldfinch5b@oaic.gov.au,Asia/Chongqing
193,3,Donni,Newarte,dnewarte5c@google.co.uk,Pacific/Auckland
194,4,Chadwick,Goslin,cgoslin5d@eepurl.com,Asia/Ho_Chi_Minh
195,1,Kleon,Willgoss,kwillgoss5e@geocities.com,Europe/Simferopol
196,4,Ros,Fransewich,rfransewich5f@chron.com,Asia/Kabul
197,3,Loutitia,Mitchener,lmitchener5g@umich.edu,Asia/Ulaanbaatar
198,1,Ban,De Bruyn,bdebruyn5h@nsw.gov.au,Asia/Chongqing
199,4,Loraine,Merrywether,lmerrywether5i@bizjournals.com,Asia/Chongqing
200,1,Courtenay,Auton,cauton5j@cam.ac.uk,Europe/Kiev
